Row ID,cement,slag,flyash,water,superplasticizer,coarseaggregate,fineaggregate,age,csMPa
0,184.0,86.0,190.0,213.0,6.0,923.0,623.0,28,22.93
1,313.3,145.0,0.0,178.5,8.0,1001.9,688.7,28,41.05
2,387.0,20.0,94.0,157.0,13.9,938.0,845.0,7,45.9
3,162.0,214.0,164.0,202.0,10.0,820.0,680.0,28,30.65
4,252.3,0.0,98.8,146.3,14.2,987.8,889.0,14,42.29
5,393.0,0.0,0.0,192.0,0.0,940.0,758.0,28,39.58
6,289.0,134.0,0.0,195.0,6.0,924.0,760.0,28,46.24
7,349.0,0.0,0.0,192.0,0.0,1047.0,806.0,7,18.13
8,333.0,0.0,0.0,192.0,0.0,931.2,842.6,90,41.68
9,393.0,0.0,0.0,192.0,0.0,940.6,785.6,90,48.85
10,480.0,0.0,0.0,192.0,0.0,936.0,721.0,28,43.89
11,261.9,110.5,86.1,195.4,5.0,895.2,732.6,28,33.72
12,400.0,0.0,0.0,187.0,0.0,1025.0,745.0,7,30.14
13,145.4,0.0,178.9,201.7,7.8,824.0,868.7,28,10.54
14,162.0,207.0,172.0,216.0,10.0,822.0,638.0,28,39.84
15,425.0,106.3,0.0,151.4,18.6,936.0,803.7,28,61.8
16,397.0,17.2,158.0,167.0,20.8,967.0,633.0,28,55.65
17,153.1,145.0,113.0,178.5,8.0,1001.9,688.7,28,25.56
18,122.6,183.9,0.0,203.5,0.0,958.2,800.1,7,10.35
19,362.6,189.0,0.0,164.9,11.6,944.7,755.8,7,55.9
20,214.9,53.8,121.9,155.6,9.6,1014.3,780.6,14,38.6
21,337.9,189.0,0.0,174.9,9.5,944.7,755.8,3,24.1
22,380.0,0.0,0.0,228.0,0.0,932.0,670.0,365,52.52
23,388.6,97.1,0.0,157.9,12.1,852.1,925.7,91,57.6
24,212.6,0.0,100.4,159.4,10.4,1003.8,903.8,3,13.33
25,289.0,133.7,0.0,194.9,5.5,924.1,760.1,28,46.25
26,251.8,0.0,99.9,146.1,12.4,1006.0,899.8,3,21.02
27,229.7,0.0,118.2,195.2,6.1,1028.1,757.6,14,22.32
28,133.0,200.0,0.0,192.0,0.0,927.4,839.2,28,27.87
29,212.1,0.0,121.6,180.3,5.7,1057.6,779.3,28,24.9
30,305.3,203.5,0.0,203.5,0.0,965.4,631.0,7,25.89
31,397.0,0.0,0.0,186.0,0.0,1040.0,734.0,28,36.94
32,385.0,0.0,0.0,186.0,0.0,966.0,763.0,14,27.92
33,148.1,0.0,136.6,158.1,16.1,1001.8,830.1,28,17.96
34,166.8,250.2,0.0,203.5,0.0,975.6,692.6,7,15.75
35,214.9,53.8,121.9,155.6,9.6,1014.3,780.6,3,18.02
36,297.2,0.0,117.5,174.8,9.5,1022.8,753.5,100,56.74
37,259.9,100.6,78.4,170.6,10.4,935.7,762.9,28,49.77
38,145.7,172.6,0.0,181.9,3.4,985.8,816.8,28,23.74
39,446.0,24.0,79.0,162.0,11.6,967.0,712.0,7,38.02
40,275.0,180.0,120.0,162.0,10.4,830.0,765.0,28,76.24
41,200.0,0.0,0.0,180.0,0.0,1125.0,845.0,28,12.25
42,295.7,0.0,95.6,171.5,8.9,955.1,859.2,14,35.23
43,135.7,203.5,0.0,185.7,0.0,1076.2,759.3,7,7.51
44,480.0,0.0,0.0,192.0,0.0,936.2,712.2,7,34.57
45,389.9,189.0,0.0,145.9,22.0,944.7,755.8,3,40.6
46,251.8,0.0,99.9,146.1,12.4,1006.0,899.8,56,44.14
47,122.6,183.9,0.0,203.5,0.0,958.2,800.1,3,3.32
48,405.0,0.0,0.0,175.0,0.0,1120.0,695.0,28,52.3
49,350.0,0.0,0.0,203.0,0.0,974.0,775.0,56,29.98
50,446.0,24.0,79.0,162.0,11.6,967.0,712.0,3,25.02
51,374.0,189.2,0.0,170.1,10.1,926.1,756.7,91,64.9
52,194.7,0.0,100.5,170.2,7.5,998.0,901.8,100,44.28
53,316.1,210.7,0.0,185.7,0.0,977.0,689.3,28,38.7
54,349.0,0.0,0.0,192.0,0.0,1056.0,809.0,120,40.86
55,166.1,0.0,163.3,176.5,4.5,1058.6,780.1,28,21.54
56,382.0,0.0,0.0,186.0,0.0,1047.0,739.0,28,37.42
57,165.0,128.5,132.1,175.1,8.1,1005.8,746.6,3,19.42
58,389.9,189.0,0.0,145.9,22.0,944.7,755.8,91,82.6
59,159.0,149.0,116.0,175.0,15.0,953.0,720.0,28,27.68
60,198.6,132.4,0.0,192.0,0.0,978.4,825.5,180,41.72
61,382.0,0.0,0.0,185.0,0.0,1047.0,739.0,28,37.42
62,446.0,24.0,79.0,162.0,11.6,967.0,712.0,28,44.42
63,229.7,0.0,118.2,195.2,6.1,1028.1,757.6,3,13.36
64,331.0,0.0,0.0,192.0,0.0,978.0,825.0,360,41.24
65,387.0,20.0,94.0,157.0,14.3,938.0,845.0,28,50.24
66,313.0,145.0,0.0,178.0,8.0,867.0,824.0,28,44.39
67,349.0,0.0,0.0,192.0,0.0,1047.0,806.9,3,15.05
68,162.0,190.0,148.0,179.0,19.0,838.0,741.0,28,33.76
69,401.8,94.7,0.0,147.4,11.4,946.8,852.1,7,54.1
70,362.6,189.0,0.0,164.9,11.6,944.7,755.8,91,79.3
71,214.9,53.8,121.9,155.6,9.6,1014.3,780.6,100,56.63
72,145.0,116.0,119.0,184.0,5.7,833.0,880.0,28,29.16
73,203.5,305.3,0.0,203.5,0.0,963.4,630.0,7,19.54
74,194.7,0.0,100.5,170.2,7.5,998.0,901.8,3,12.18
75,277.0,0.0,0.0,191.0,0.0,968.0,856.0,180,32.33
76,168.9,42.2,124.3,158.3,10.8,1080.8,796.2,14,23.51
77,139.6,209.4,0.0,192.0,0.0,1047.0,806.9,360,44.7
78,251.4,0.0,118.3,188.5,5.8,1028.4,757.7,14,29.93
79,359.0,19.0,141.0,154.0,10.9,942.0,801.0,28,59.49
80,380.0,95.0,0.0,228.0,0.0,932.0,594.0,28,36.45
81,307.0,0.0,0.0,193.0,0.0,968.0,812.0,180,34.49
82,310.0,0.0,0.0,192.0,0.0,970.0,850.0,7,14.99
83,222.4,0.0,96.7,189.3,4.5,967.1,870.3,56,29.45
84,277.2,97.8,24.5,160.7,11.2,1061.7,782.5,14,47.71
85,362.6,189.0,0.0,164.9,11.6,944.7,755.8,7,55.9
86,173.5,50.1,173.5,164.8,6.5,1006.2,793.5,14,33.01
87,165.0,128.5,132.1,175.1,8.1,1005.8,746.6,28,46.39
88,153.0,102.0,0.0,192.0,0.0,888.0,943.1,28,17.96
89,290.4,0.0,96.2,168.1,9.4,961.2,865.0,14,34.67
90,276.0,116.0,90.0,180.0,9.0,870.0,768.0,28,44.28
91,154.8,0.0,142.8,193.3,9.1,877.2,867.7,28,9.74
92,388.6,97.1,0.0,157.9,12.1,852.1,925.7,28,50.7
93,238.0,0.0,0.0,186.0,0.0,1119.0,789.0,28,17.54
94,525.0,0.0,0.0,189.0,0.0,1125.0,613.0,180,61.92
95,154.0,144.0,112.0,220.0,10.0,923.0,658.0,28,16.5
96,322.5,148.6,0.0,185.8,8.5,951.0,709.5,28,52.43
97,359.0,19.0,141.0,154.0,10.9,942.0,801.0,3,25.12
98,376.0,0.0,0.0,214.6,0.0,1003.5,762.4,28,31.97
99,233.8,0.0,94.6,197.9,4.6,947.0,852.2,28,22.84
100,252.5,0.0,0.0,185.7,0.0,1111.6,784.3,7,11.48
101,249.1,0.0,98.8,158.1,12.8,987.8,889.0,56,42.03
102,251.4,0.0,118.3,188.5,6.4,1028.4,757.7,3,13.12
103,166.1,0.0,163.3,176.5,4.5,1058.6,780.1,56,28.63
104,277.1,0.0,97.4,160.6,11.8,973.9,875.6,100,55.64
105,295.7,0.0,95.6,171.5,8.9,955.1,859.2,3,22.95
106,485.0,0.0,0.0,146.0,0.0,1120.0,800.0,28,71.99
107,246.8,0.0,125.1,143.3,12.0,1086.8,800.9,28,52.5
108,233.8,0.0,94.6,197.9,4.6,947.0,852.2,14,22.14
109,252.5,0.0,0.0,185.7,0.0,1111.6,784.3,28,19.77
110,167.4,129.9,128.6,175.5,7.8,1006.3,746.6,3,14.94
111,279.8,128.9,100.4,172.4,9.5,825.1,804.9,28,52.83
112,102.0,153.0,0.0,192.0,0.0,887.0,942.0,28,17.28
113,304.0,76.0,0.0,228.0,0.0,932.0,670.0,270,54.38
114,194.7,0.0,100.5,165.6,7.5,1006.4,905.9,3,12.45
115,249.1,0.0,98.8,158.1,12.8,987.8,889.0,100,51.06
116,212.1,0.0,121.6,180.3,5.7,1057.6,779.3,56,34.2
117,139.9,132.6,103.3,200.3,7.4,916.0,753.4,28,36.44
118,229.7,0.0,118.2,195.2,6.1,1028.1,757.6,28,24.54
119,288.0,121.0,0.0,177.0,7.0,908.0,829.0,28,42.13
120,213.5,0.0,174.2,154.6,11.7,1052.3,775.5,100,59.3
121,307.0,0.0,0.0,193.0,0.0,968.0,812.0,28,27.53
122,213.8,98.1,24.5,181.7,6.7,1066.0,785.5,14,17.84
123,505.0,0.0,60.0,195.0,0.0,1030.0,630.0,28,64.02
124,162.0,190.1,148.1,178.8,18.8,838.1,741.4,28,33.76
125,381.4,0.0,0.0,185.7,0.0,1104.6,784.3,7,14.54
126,379.5,151.2,0.0,153.9,15.9,1134.3,605.0,56,54.9
127,190.7,0.0,125.4,162.1,7.8,1090.0,804.0,100,40.57
128,277.0,0.0,0.0,191.0,0.0,968.0,856.0,14,21.26
129,376.0,0.0,0.0,214.6,0.0,1003.5,762.4,56,36.3
130,212.6,0.0,100.4,159.4,10.4,1003.8,903.8,100,47.74
131,275.1,0.0,121.4,159.5,9.9,1053.6,777.5,28,51.33
132,298.0,0.0,107.0,164.0,13.0,953.0,784.0,28,35.86
133,212.0,0.0,124.8,159.0,7.8,1085.4,799.5,3,19.52
134,251.4,0.0,118.3,188.5,6.4,1028.4,757.7,28,32.66
135,326.0,0.0,138.0,199.0,11.0,801.0,792.0,28,40.68
136,286.3,200.9,0.0,144.7,11.2,1004.6,803.7,28,67.7
137,425.0,106.3,0.0,151.4,18.6,936.0,803.7,56,64.9
138,290.4,0.0,96.2,168.1,9.4,961.2,865.0,3,22.5
139,362.6,189.0,0.0,164.9,11.6,944.7,755.8,56,77.3
140,212.0,141.3,0.0,203.5,0.0,973.4,750.0,3,6.81
141,173.5,50.1,173.5,164.8,6.5,1006.2,793.5,3,23.08
142,212.0,141.3,0.0,203.5,0.0,973.4,750.0,28,33.0
143,172.4,13.6,172.4,156.8,4.1,1006.3,856.4,56,35.85
144,326.0,166.0,0.0,174.0,9.0,882.0,790.0,28,61.23
145,287.0,121.0,94.0,188.0,9.0,904.0,696.0,28,41.94
146,229.7,0.0,118.2,195.2,6.1,1028.1,757.6,56,31.35
147,277.2,97.8,24.5,160.7,11.2,1061.7,782.5,28,63.14
148,228.0,342.1,0.0,185.7,0.0,955.8,674.3,7,21.92
149,330.5,169.6,0.0,194.9,8.1,811.0,802.3,28,56.62
150,273.0,0.0,90.0,199.0,11.0,931.0,762.0,28,32.24
151,425.0,106.3,0.0,153.5,16.5,852.1,887.1,91,65.2
152,168.0,42.1,163.8,121.8,5.7,1058.7,780.1,100,39.23
153,303.6,139.9,0.0,213.5,6.2,895.5,722.5,28,33.42
154,212.0,0.0,124.8,159.0,7.8,1085.4,799.5,100,47.82
155,387.0,20.0,94.0,157.0,13.9,938.0,845.0,3,25.51
156,424.0,22.0,132.0,178.0,8.5,822.0,750.0,28,62.05
157,102.0,153.0,0.0,192.0,0.0,887.0,942.0,90,25.46
158,202.0,11.0,141.0,206.0,1.7,942.0,801.0,28,21.97
159,385.0,0.0,0.0,186.0,0.0,966.0,763.0,1,6.27
160,362.6,189.0,0.0,164.9,11.6,944.7,755.8,56,77.3
161,246.8,0.0,125.1,143.3,12.0,1086.8,800.9,100,66.42
162,382.0,0.0,0.0,186.0,0.0,1047.0,739.0,7,24.0
163,192.0,288.0,0.0,192.0,0.0,929.8,716.1,28,39.32
164,213.7,0.0,174.7,154.8,10.2,1053.5,776.4,28,40.15
165,446.0,24.0,79.0,162.0,11.6,967.0,712.0,7,52.01
166,252.3,0.0,98.8,146.3,14.2,987.8,889.0,100,60.95
167,151.0,0.0,185.0,167.0,16.0,1074.0,678.0,28,13.46
168,275.1,0.0,121.4,159.5,9.9,1053.6,777.5,100,58.61
169,388.6,97.1,0.0,157.9,12.1,852.1,925.7,56,55.2
170,331.0,0.0,0.0,192.0,0.0,1025.0,821.0,7,17.44
171,237.5,237.5,0.0,228.0,0.0,932.0,594.0,270,38.41
172,387.0,20.0,94.0,157.0,13.9,938.0,845.0,56,47.97
173,157.0,236.0,0.0,192.0,0.0,935.4,781.2,90,43.38
174,238.2,158.8,0.0,185.7,0.0,1040.6,734.3,28,26.91
175,212.5,0.0,100.4,159.3,8.7,1007.8,903.6,100,42.92
176,148.0,0.0,137.0,158.0,16.0,1002.0,830.0,28,17.95
177,439.0,177.0,0.0,186.0,11.1,884.9,707.9,3,39.3
178,264.5,111.0,86.5,195.5,5.9,832.6,790.4,28,41.54
179,366.0,187.0,0.0,191.3,6.6,824.3,756.9,28,65.91
180,446.0,24.0,79.0,162.0,11.6,967.0,712.0,3,23.35
181,475.0,118.8,0.0,181.1,8.9,852.1,781.5,56,72.3
182,255.3,98.8,77.0,188.6,6.5,919.0,749.3,28,33.8
183,234.0,156.0,0.0,189.0,5.9,981.0,760.0,28,39.3
184,190.3,0.0,125.2,161.9,9.9,1088.1,802.6,100,40.39
185,190.7,0.0,125.4,162.1,7.8,1090.0,804.0,28,26.4
186,275.1,0.0,121.4,159.5,9.9,1053.6,777.5,14,38.77
187,251.4,0.0,118.3,192.9,5.8,1043.6,754.3,3,11.98
188,304.0,76.0,0.0,228.0,0.0,932.0,670.0,28,47.81
189,252.0,0.0,0.0,185.0,0.0,1111.0,784.0,7,13.71
190,491.0,26.0,123.0,201.0,3.9,822.0,699.0,3,29.55
191,236.0,0.0,0.0,194.0,0.0,968.0,885.0,14,12.84
192,500.0,0.0,0.0,200.0,0.0,1125.0,613.0,180,51.04
193,236.0,0.0,0.0,193.0,0.0,968.0,885.0,365,25.08
194,290.2,193.5,0.0,185.7,0.0,998.2,704.3,7,21.86
195,425.0,106.3,0.0,153.5,16.5,852.1,887.1,28,60.29
196,491.0,26.0,123.0,201.0,3.9,822.0,699.0,56,61.86
197,194.7,0.0,100.5,170.2,7.5,998.0,901.8,28,37.27
198,296.0,0.0,106.7,221.4,10.5,819.2,778.4,28,31.42
199,159.8,250.0,0.0,168.4,12.2,1049.3,688.2,28,39.46
200,159.1,186.7,0.0,175.6,11.3,989.6,788.9,28,32.77
201,516.0,0.0,0.0,162.0,8.2,801.0,802.0,28,41.37
202,151.0,0.0,184.0,167.0,12.0,991.0,772.0,28,15.57
203,387.0,20.0,94.0,157.0,14.3,938.0,845.0,3,22.75
204,380.0,95.0,0.0,228.0,0.0,932.0,594.0,7,32.82
205,239.6,359.4,0.0,185.7,0.0,941.6,664.3,7,25.42
206,313.8,0.0,112.6,169.9,10.1,925.3,782.9,28,38.46
207,153.6,144.2,112.3,220.1,10.1,923.2,657.9,28,16.5
208,389.9,189.0,0.0,145.9,22.0,944.7,755.8,28,74.5
209,349.0,0.0,0.0,192.0,0.0,1056.0,809.0,7,9.01
210,450.1,50.0,0.0,200.0,3.0,1124.4,613.2,28,39.38
211,389.9,189.0,0.0,145.9,22.0,944.7,755.8,56,79.4
212,238.2,158.8,0.0,185.7,0.0,1040.6,734.3,7,15.69
213,250.0,0.0,95.7,191.8,5.3,948.9,857.2,56,39.64
214,332.5,142.5,0.0,228.0,0.0,932.0,594.0,7,30.28
215,284.0,15.0,141.0,179.0,5.5,842.0,801.0,56,44.52
216,231.8,0.0,121.6,174.0,6.7,1056.4,778.5,28,33.73
217,469.0,117.2,0.0,137.8,32.2,852.1,840.5,56,69.3
218,252.3,0.0,98.8,146.3,14.2,987.8,889.0,3,21.78
219,272.6,0.0,89.6,198.7,10.6,931.3,762.2,28,32.25
220,307.0,0.0,0.0,193.0,0.0,968.0,812.0,90,32.92
221,194.7,0.0,100.5,165.6,7.5,1006.4,905.9,28,25.72
222,190.7,0.0,125.4,162.1,7.8,1090.0,804.0,3,15.04
223,362.6,189.0,0.0,164.9,11.6,944.7,755.8,56,77.3
224,362.6,189.0,0.0,164.9,11.6,944.7,755.8,7,22.9
225,220.8,147.2,0.0,185.7,0.0,1055.0,744.3,28,25.75
226,213.7,98.1,24.5,181.7,6.9,1065.8,785.4,100,53.9
227,165.0,128.5,132.1,175.1,8.1,1005.8,746.6,56,53.72
228,229.7,0.0,118.2,195.2,6.1,1028.1,757.6,100,40.86
229,302.0,0.0,0.0,203.0,0.0,974.0,817.0,28,21.75
230,213.5,0.0,174.2,154.6,11.7,1052.3,775.5,3,17.37
231,491.0,26.0,123.0,210.0,3.9,882.0,699.0,56,59.59
232,480.0,0.0,0.0,192.0,0.0,936.0,721.0,90,54.28
233,424.0,22.0,132.0,178.0,8.5,822.0,750.0,56,65.7
234,296.0,0.0,0.0,192.0,0.0,1085.0,765.0,28,21.65
235,288.0,192.0,0.0,192.0,0.0,932.0,717.8,28,38.8
236,153.0,145.0,0.0,178.0,8.0,1000.0,822.0,28,19.01
237,277.0,0.0,0.0,191.0,0.0,968.0,856.0,28,25.97
238,213.5,0.0,174.2,154.6,11.7,1052.3,775.5,56,51.43
239,236.0,0.0,0.0,194.0,0.0,968.0,885.0,28,18.42
240,108.3,162.4,0.0,203.5,0.0,938.2,849.0,28,20.59
241,393.0,0.0,0.0,192.0,0.0,940.0,758.0,3,19.11
242,170.3,155.5,0.0,185.7,0.0,1026.6,724.3,7,10.73
243,272.8,105.1,81.8,209.7,9.0,904.0,679.7,28,37.17
244,173.0,116.0,0.0,192.0,0.0,946.8,856.8,7,11.39
245,280.0,129.0,100.0,172.0,9.0,825.0,805.0,28,52.82
246,250.0,0.0,0.0,182.0,0.0,1100.0,820.0,28,20.87
247,295.7,0.0,95.6,171.5,8.9,955.1,859.2,56,48.72
248,251.4,0.0,118.3,192.9,5.8,1043.6,754.3,14,20.73
249,287.3,120.5,93.9,187.6,9.2,904.4,695.9,28,43.8
250,218.2,54.6,123.8,140.8,11.9,1075.7,792.7,100,63.53
251,116.0,173.0,0.0,192.0,0.0,909.8,891.9,90,31.02
252,297.2,0.0,117.5,174.8,9.5,1022.8,753.5,28,47.4
253,401.8,94.7,0.0,147.4,11.4,946.8,852.1,56,73.7
254,214.9,53.8,121.9,155.6,9.6,1014.3,780.6,28,52.2
255,212.1,0.0,121.6,180.3,5.7,1057.6,779.3,14,20.92
256,316.1,210.7,0.0,185.7,0.0,977.0,689.3,7,24.44
257,439.0,177.0,0.0,186.0,11.1,884.9,707.9,91,73.3
258,273.0,105.0,82.0,210.0,9.0,904.0,680.0,28,37.17
259,153.0,102.0,0.0,192.0,0.0,888.0,943.1,90,26.32
260,190.0,190.0,0.0,228.0,0.0,932.0,670.0,90,42.33
261,133.0,200.0,0.0,192.0,0.0,927.4,839.2,3,6.88
262,277.0,0.0,0.0,191.0,0.0,968.0,856.0,90,31.25
263,150.7,0.0,185.3,166.7,15.6,1074.5,678.0,28,13.46
264,250.0,0.0,0.0,182.0,0.0,1100.0,820.0,7,12.73
265,332.5,142.5,0.0,228.0,0.0,932.0,594.0,180,39.78
266,192.0,288.0,0.0,192.0,0.0,929.8,716.1,7,21.48
267,212.5,0.0,100.4,159.3,8.7,1007.8,903.6,28,31.64
268,246.8,0.0,125.1,143.3,12.0,1086.8,800.9,56,60.32
269,102.0,153.0,0.0,192.0,0.0,887.0,942.0,3,4.57
270,298.0,0.0,107.0,186.0,6.0,879.0,815.0,28,42.64
271,143.0,169.0,143.0,191.0,8.0,967.0,643.0,28,29.72
272,252.3,0.0,98.8,146.3,14.2,987.8,889.0,28,50.6
273,355.9,0.0,141.6,193.3,11.0,801.4,778.4,28,40.87
274,230.0,0.0,118.3,195.5,4.6,1029.4,758.6,100,35.34
275,190.3,0.0,125.2,161.9,9.9,1088.1,802.6,56,38.56
276,401.8,94.7,0.0,147.4,11.4,946.8,852.1,28,68.5
277,393.0,0.0,0.0,192.0,0.0,940.6,785.6,28,39.6
278,310.0,0.0,0.0,192.0,0.0,971.0,850.6,3,9.87
279,183.9,122.6,0.0,203.5,0.0,959.2,800.0,7,10.79
280,168.0,42.1,163.8,121.8,5.7,1058.7,780.1,3,7.75
281,190.3,0.0,125.2,166.6,9.9,1079.0,798.9,3,12.55
282,312.7,0.0,0.0,178.1,8.0,999.7,822.2,28,25.1
283,299.8,0.0,119.8,211.5,9.9,878.2,727.6,28,23.84
284,277.2,97.8,24.5,160.7,11.2,1061.7,782.5,100,66.95
285,310.0,0.0,0.0,192.0,0.0,1012.0,830.0,7,17.24
286,284.0,15.0,141.0,179.0,5.5,842.0,801.0,3,13.4
287,190.0,190.0,0.0,228.0,0.0,932.0,670.0,28,40.86
288,397.0,0.0,0.0,185.0,0.0,1040.0,734.0,28,39.09
289,323.7,282.8,0.0,183.8,10.3,942.7,659.9,7,49.8
290,425.0,106.3,0.0,153.5,16.5,852.1,887.1,28,60.29
291,251.4,0.0,118.3,188.5,6.4,1028.4,757.7,100,44.21
292,160.2,188.0,146.4,203.2,11.3,828.7,709.7,28,35.31
293,382.5,0.0,0.0,185.7,0.0,1047.8,739.3,28,37.44
294,157.0,236.0,0.0,192.0,0.0,935.4,781.2,28,33.66
295,339.0,0.0,0.0,197.0,0.0,968.0,781.0,14,27.04
296,225.0,0.0,0.0,181.0,0.0,1113.0,833.0,28,17.34
297,251.8,0.0,99.9,146.1,12.4,1006.0,899.8,14,33.36
298,425.0,106.3,0.0,153.5,16.5,852.1,887.1,28,60.29
299,213.7,0.0,174.7,154.8,10.2,1053.5,776.4,56,46.64
300,252.1,97.1,75.6,193.8,8.3,835.5,821.4,28,33.4
301,182.0,45.2,122.0,170.2,8.2,1059.4,780.7,28,31.27
302,140.0,133.0,103.0,200.0,7.0,916.0,753.0,28,36.44
303,475.0,118.8,0.0,181.1,8.9,852.1,781.5,3,37.8
304,385.0,0.0,0.0,186.0,0.0,966.0,763.0,7,23.22
305,350.0,0.0,0.0,203.0,0.0,974.0,775.0,7,18.13
306,250.0,0.0,95.7,191.8,5.3,948.9,857.2,28,27.22
307,160.0,188.0,146.0,203.0,11.0,829.0,710.0,28,32.84
308,250.0,0.0,95.7,187.4,5.5,956.9,861.2,3,13.82
309,469.0,117.2,0.0,137.8,32.2,852.1,840.5,28,66.9
310,277.1,0.0,97.4,160.6,11.8,973.9,875.6,3,23.14
311,362.6,189.0,0.0,164.9,11.6,944.7,755.8,3,35.3
312,362.6,189.0,0.0,164.9,11.6,944.7,755.8,3,35.3
313,255.0,0.0,0.0,192.0,0.0,889.8,945.0,90,21.86
314,190.7,0.0,125.4,162.1,7.8,1090.0,804.0,14,21.06
315,166.8,250.2,0.0,203.5,0.0,975.6,692.6,90,43.57
316,321.0,164.0,0.0,190.0,5.0,870.0,774.0,28,57.21
317,451.0,0.0,0.0,165.0,11.3,1030.0,745.0,28,78.8
318,350.0,0.0,0.0,203.0,0.0,974.0,775.0,180,32.72
319,143.6,0.0,174.9,158.4,17.9,942.7,844.5,28,15.42
320,178.0,129.8,118.6,179.9,3.6,1007.3,746.8,56,48.59
321,339.0,0.0,0.0,197.0,0.0,968.0,781.0,28,32.04
322,108.3,162.4,0.0,203.5,0.0,938.2,849.0,7,7.72
323,325.0,0.0,0.0,184.0,0.0,1063.0,783.0,7,17.54
324,337.9,189.0,0.0,174.9,9.5,944.7,755.8,28,49.9
325,326.5,0.0,137.9,199.0,10.8,801.1,792.5,28,38.63
326,181.4,0.0,167.0,169.6,7.6,1055.6,777.8,3,13.62
327,190.0,190.0,0.0,228.0,0.0,932.0,670.0,270,50.66
328,288.4,121.0,0.0,177.4,7.0,907.9,829.5,28,42.14
329,152.7,144.7,0.0,178.1,8.0,999.7,822.2,28,19.01
330,379.5,151.2,0.0,153.9,15.9,1134.3,605.0,28,52.2
331,336.5,0.0,0.0,181.9,3.4,985.8,816.8,28,44.87
332,277.2,97.8,24.5,160.7,11.2,1061.7,782.5,56,66.82
333,540.0,0.0,0.0,173.0,0.0,1125.0,613.0,7,52.61
334,212.0,141.3,0.0,203.5,0.0,973.4,750.0,90,39.7
335,218.9,0.0,124.1,158.5,11.3,1078.7,794.9,14,26.05
336,168.9,42.2,124.3,158.3,10.8,1080.8,796.2,56,39.15
337,218.2,54.6,123.8,140.8,11.9,1075.7,792.7,3,27.42
338,212.5,0.0,100.4,159.3,8.7,1007.8,903.6,56,42.55
339,337.9,189.0,0.0,174.9,9.5,944.7,755.8,91,67.8
340,310.0,143.0,111.0,168.0,22.0,914.0,651.0,28,33.69
341,339.0,0.0,0.0,197.0,0.0,968.0,781.0,180,36.45
342,266.0,114.0,0.0,228.0,0.0,932.0,670.0,90,47.03
343,321.4,0.0,127.9,182.5,11.5,870.1,779.7,28,37.27
344,446.0,24.0,79.0,162.0,11.6,967.0,712.0,56,61.07
345,307.0,0.0,0.0,193.0,0.0,968.0,812.0,3,12.54
346,275.1,0.0,121.4,159.5,9.9,1053.6,777.5,56,56.85
347,401.8,94.7,0.0,147.4,11.4,946.8,852.1,3,41.1
348,213.5,0.0,174.2,159.2,11.7,1043.6,771.9,14,29.59
349,318.8,212.5,0.0,155.7,14.3,852.1,880.4,91,68.1
350,375.0,93.8,0.0,126.6,23.4,852.1,992.6,91,62.5
351,250.0,0.0,95.7,191.8,5.3,948.9,857.2,3,8.49
352,376.0,0.0,0.0,214.6,0.0,1003.5,762.4,100,43.06
353,313.3,0.0,113.0,178.5,8.0,1001.9,688.7,28,36.8
354,250.2,166.8,0.0,203.5,0.0,977.6,694.1,90,47.71
355,233.8,0.0,94.6,197.9,4.6,947.0,852.2,56,27.66
356,157.0,236.0,0.0,192.0,0.0,935.4,781.2,3,9.69
357,284.0,15.0,141.0,179.0,5.5,842.0,801.0,28,43.73
358,150.0,236.8,0.0,173.8,11.9,1069.3,674.8,28,37.43
359,139.6,209.4,0.0,192.0,0.0,1047.0,806.9,180,44.21
360,500.0,0.0,0.0,200.0,0.0,1125.0,613.0,90,47.22
361,200.0,133.0,0.0,192.0,0.0,965.4,806.2,90,43.25
362,362.6,189.0,0.0,164.9,11.6,944.7,755.8,91,79.3
363,198.6,132.4,0.0,192.0,0.0,978.4,825.5,90,38.07
364,355.0,19.0,97.0,145.0,13.1,967.0,871.0,28,44.03
365,218.2,54.6,123.8,140.8,11.9,1075.7,792.7,28,55.51
366,304.0,140.0,0.0,214.0,6.0,895.0,722.0,28,33.42
367,379.5,151.2,0.0,153.9,15.9,1134.3,605.0,3,28.6
368,144.0,0.0,175.0,158.0,18.0,943.0,844.0,28,15.42
369,304.0,76.0,0.0,228.0,0.0,932.0,670.0,90,49.19
370,382.0,0.0,0.0,185.0,0.0,1047.0,739.0,7,24.0
371,362.6,189.0,0.0,164.9,11.6,944.7,755.8,91,79.3
372,446.0,24.0,79.0,162.0,11.6,967.0,712.0,56,55.25
373,237.5,237.5,0.0,228.0,0.0,932.0,594.0,28,30.08
374,139.6,209.4,0.0,192.0,0.0,1047.0,806.9,3,8.06
375,218.2,54.6,123.8,140.8,11.9,1075.7,792.7,14,35.96
376,331.0,0.0,0.0,192.0,0.0,1025.0,821.0,3,14.31
377,149.0,236.0,0.0,176.0,13.0,847.0,893.0,28,32.96
378,385.0,0.0,136.0,158.0,20.0,903.0,768.0,28,55.55
379,374.0,189.2,0.0,170.1,10.1,926.1,756.7,28,61.09
380,194.7,0.0,100.5,165.6,7.5,1006.4,905.9,56,33.96
381,166.8,250.2,0.0,203.5,0.0,975.6,692.6,3,6.9
382,520.0,0.0,0.0,170.0,5.2,855.0,855.0,28,60.28
383,141.9,166.6,129.7,173.5,10.9,882.6,785.3,28,44.61
384,153.0,102.0,0.0,192.0,0.0,888.0,943.1,3,4.78
385,475.0,0.0,0.0,228.0,0.0,932.0,594.0,28,39.29
386,238.1,0.0,94.1,186.7,7.0,949.9,847.0,14,25.69
387,181.9,272.8,0.0,185.7,0.0,1012.4,714.3,7,12.37
388,475.0,0.0,59.0,142.0,1.9,1098.0,641.0,28,57.23
389,540.0,0.0,0.0,173.0,0.0,1125.0,613.0,14,59.76
390,222.4,0.0,96.7,189.3,4.5,967.1,870.3,3,11.58
391,381.4,0.0,0.0,185.7,0.0,1104.6,784.3,28,22.49
392,190.7,0.0,125.4,162.1,7.8,1090.0,804.0,56,35.34
393,290.4,0.0,96.2,168.1,9.4,961.2,865.0,28,34.74
394,151.8,178.1,138.7,167.5,18.3,944.0,694.6,28,36.35
395,387.0,20.0,94.0,157.0,11.6,938.0,845.0,3,34.77
396,231.8,0.0,121.6,174.0,6.7,1056.4,778.5,14,26.77
397,295.8,0.0,0.0,185.7,0.0,1091.4,769.3,7,14.84
398,439.0,177.0,0.0,186.0,11.1,884.9,707.9,28,66.0
399,156.0,178.0,187.0,221.0,7.0,854.0,614.0,28,29.41
400,475.0,118.8,0.0,181.1,8.9,852.1,781.5,28,68.3
401,387.0,20.0,94.0,157.0,11.6,938.0,845.0,28,46.68
402,286.3,200.9,0.0,144.7,11.2,1004.6,803.7,56,72.99
403,446.0,24.0,79.0,162.0,11.6,967.0,712.0,56,56.14
404,222.4,0.0,96.7,189.3,4.5,967.1,870.3,28,24.89
405,290.2,193.5,0.0,185.7,0.0,998.2,704.3,28,33.04
406,322.2,0.0,115.6,196.0,10.4,817.9,813.4,28,31.18
407,295.7,0.0,95.6,171.5,8.9,955.1,859.2,100,52.04
408,339.0,0.0,0.0,185.0,0.0,1069.0,754.0,7,21.16
409,266.0,114.0,0.0,228.0,0.0,932.0,670.0,28,45.85
410,322.0,0.0,0.0,203.0,0.0,974.0,800.0,180,29.59
411,212.0,0.0,124.8,159.0,7.8,1085.4,799.5,28,38.5
412,525.0,0.0,0.0,189.0,0.0,1125.0,613.0,7,42.42
413,375.0,93.8,0.0,126.6,23.4,852.1,992.6,3,29.0
414,166.8,250.2,0.0,203.5,0.0,975.6,692.6,28,33.95
415,359.0,19.0,141.0,154.0,10.9,942.0,801.0,56,66.78
416,150.0,237.0,0.0,174.0,12.0,1069.0,675.0,28,37.43
417,275.0,0.0,0.0,183.0,0.0,1088.0,808.0,7,14.2
418,424.0,22.0,132.0,178.0,8.5,822.0,750.0,7,39.0
419,190.3,0.0,125.2,161.9,9.9,1088.1,802.6,3,9.45
420,362.6,189.0,0.0,164.9,11.6,944.7,755.8,3,35.3
421,250.2,166.8,0.0,203.5,0.0,977.6,694.1,28,36.96
422,337.9,189.0,0.0,174.9,9.5,944.7,755.8,7,35.1
423,382.0,0.0,0.0,186.0,0.0,1111.0,784.0,7,11.47
424,323.7,282.8,0.0,183.8,10.3,942.7,659.9,56,80.2
425,339.0,0.0,0.0,185.0,0.0,1069.0,754.0,28,31.84
426,525.0,0.0,0.0,189.0,0.0,1125.0,613.0,28,55.94
427,342.0,38.0,0.0,228.0,0.0,932.0,670.0,365,56.14
428,135.0,105.0,193.0,196.0,6.0,965.0,643.0,28,21.91
429,313.0,0.0,0.0,178.0,8.0,1000.0,822.0,28,25.1
430,141.3,212.0,0.0,203.5,0.0,971.8,748.5,3,4.83
431,213.5,0.0,174.2,154.6,11.7,1052.3,775.5,28,45.94
432,250.2,166.8,0.0,203.5,0.0,977.6,694.1,7,19.35
433,362.6,189.0,0.0,164.9,11.6,944.7,755.8,28,71.3
434,230.0,0.0,118.3,195.5,4.6,1029.4,758.6,28,24.48
435,310.0,0.0,0.0,192.0,0.0,1012.0,830.0,28,27.83
436,135.0,0.0,166.0,180.0,10.0,961.0,805.0,28,13.29
437,167.4,129.9,128.6,175.5,7.8,1006.3,746.6,100,53.66
438,202.0,11.0,141.0,206.0,1.7,942.0,801.0,56,23.25
439,146.0,230.0,0.0,202.0,3.0,827.0,872.0,28,33.06
440,178.0,129.8,118.6,179.9,3.6,1007.3,746.8,100,49.99
441,154.8,0.0,142.8,193.3,9.1,1047.4,696.7,28,12.46
442,500.1,0.0,0.0,200.0,3.0,1124.4,613.2,28,44.13
443,102.0,153.0,0.0,192.0,0.0,887.0,942.0,7,7.68
444,213.7,98.1,24.5,181.7,6.9,1065.8,785.4,56,50.77
445,427.5,47.5,0.0,228.0,0.0,932.0,594.0,28,37.43
446,375.0,93.8,0.0,126.6,23.4,852.1,992.6,7,45.7
447,359.0,19.0,141.0,154.0,10.9,942.0,801.0,28,62.94
448,168.9,42.2,124.3,158.3,10.8,1080.8,796.2,28,31.12
449,139.6,209.4,0.0,192.0,0.0,1047.0,806.9,7,14.59
450,145.0,0.0,134.0,181.0,11.0,979.0,812.0,28,13.2
451,350.0,0.0,0.0,186.0,0.0,1050.0,770.0,7,20.28
452,152.6,238.7,0.0,200.0,6.3,1001.8,683.9,28,26.86
453,213.7,0.0,174.7,154.8,10.2,1053.5,776.4,14,33.73
454,252.3,0.0,98.8,146.3,14.2,987.8,889.0,56,55.83
455,310.0,0.0,0.0,192.0,0.0,970.0,850.0,360,38.11
456,322.0,149.0,0.0,186.0,8.0,951.0,709.0,28,52.42
457,139.7,163.9,127.7,236.7,5.8,868.6,655.6,28,35.23
458,165.0,128.5,132.1,175.1,8.1,1005.8,746.6,14,33.09
459,236.0,157.0,0.0,192.0,0.0,972.6,749.1,3,13.57
460,313.3,262.2,0.0,175.5,8.6,1046.9,611.8,56,64.9
461,296.0,0.0,0.0,192.0,0.0,1085.0,765.0,90,29.39
462,439.0,177.0,0.0,186.0,11.1,884.9,707.9,7,56.1
463,213.7,98.1,24.5,181.7,6.9,1065.8,785.4,3,18.0
464,334.0,17.6,158.0,189.0,15.3,967.0,633.0,28,44.33
465,475.0,0.0,0.0,228.0,0.0,932.0,594.0,7,38.6
466,342.0,38.0,0.0,228.0,0.0,932.0,670.0,180,52.12
467,288.0,192.0,0.0,192.0,0.0,932.0,717.8,7,23.52
468,233.8,0.0,94.6,197.9,4.6,947.0,852.2,100,34.56
469,146.0,173.0,0.0,182.0,3.0,986.0,817.0,28,23.74
470,236.0,0.0,0.0,193.0,0.0,968.0,885.0,7,9.99
471,425.0,106.3,0.0,151.4,18.6,936.0,803.7,7,46.8
472,186.2,124.1,0.0,185.7,0.0,1083.4,764.3,7,8.0
473,144.0,136.0,106.0,178.0,7.0,941.0,774.0,28,26.14
474,427.5,47.5,0.0,228.0,0.0,932.0,594.0,180,41.84
475,302.0,0.0,0.0,203.0,0.0,974.0,817.0,180,26.74
476,277.2,97.8,24.5,160.7,11.2,1061.7,782.5,3,30.45
477,304.0,76.0,0.0,228.0,0.0,932.0,670.0,180,50.95
478,116.0,173.0,0.0,192.0,0.0,909.8,891.9,3,6.28
479,349.0,0.0,0.0,192.0,0.0,1056.0,809.0,28,33.61
480,154.8,183.4,0.0,193.3,9.1,877.2,867.7,28,23.79
481,190.3,0.0,125.2,161.9,9.9,1088.1,802.6,14,22.72
482,164.0,0.0,200.0,181.0,13.0,849.0,846.0,28,15.09
483,133.0,200.0,0.0,192.0,0.0,927.4,839.2,90,36.59
484,210.7,316.1,0.0,185.7,0.0,977.0,689.3,28,37.81
485,310.0,0.0,0.0,192.0,0.0,1012.0,830.0,3,11.85
486,380.0,0.0,0.0,228.0,0.0,932.0,670.0,180,53.1
487,424.0,22.0,132.0,168.0,8.9,822.0,750.0,28,72.1
488,313.3,145.0,0.0,178.5,8.0,867.2,824.0,28,40.93
489,332.5,142.5,0.0,228.0,0.0,932.0,594.0,90,37.72
490,380.0,95.0,0.0,228.0,0.0,932.0,594.0,365,43.7
491,266.0,112.0,87.0,178.0,10.0,910.0,745.0,28,39.42
492,194.7,0.0,100.5,170.2,7.5,998.0,901.8,14,24.28
493,194.7,0.0,100.5,165.6,7.5,1006.4,905.9,100,37.34
494,337.9,189.0,0.0,174.9,9.5,944.7,755.8,56,59.89
495,349.0,0.0,0.0,192.0,0.0,1047.0,806.0,180,41.05
496,480.0,0.0,0.0,192.0,0.0,936.2,712.2,28,43.94
497,375.0,93.8,0.0,126.6,23.4,852.1,992.6,56,60.2
498,168.0,42.1,163.8,121.8,5.7,1058.7,780.1,56,32.85
499,374.0,0.0,0.0,190.0,7.0,1013.0,730.0,28,39.05
500,213.8,98.1,24.5,181.7,6.7,1066.0,785.5,28,40.23
501,134.7,0.0,165.7,180.2,10.0,961.0,804.9,28,13.29
502,193.5,290.2,0.0,185.7,0.0,998.2,704.3,7,17.2
503,310.0,0.0,0.0,192.0,0.0,970.0,850.0,28,27.92
504,108.3,162.4,0.0,203.5,0.0,938.2,849.0,3,2.33
505,142.0,167.0,130.0,174.0,11.0,883.0,785.0,28,44.61
506,380.0,95.0,0.0,228.0,0.0,932.0,594.0,180,40.76
507,144.0,15.0,195.0,176.0,6.0,1021.0,709.0,28,15.34
508,190.3,0.0,125.2,166.6,9.9,1079.0,798.9,100,33.56
509,250.0,0.0,95.7,191.8,5.3,948.9,857.2,14,24.66
510,213.5,0.0,174.2,154.6,11.7,1052.3,775.5,14,33.7
511,173.0,116.0,0.0,192.0,0.0,946.8,856.8,3,6.94
512,297.2,0.0,117.5,174.8,9.5,1022.8,753.5,3,21.91
513,152.0,0.0,112.0,184.0,8.0,992.0,816.0,28,12.18
514,252.0,0.0,0.0,185.0,0.0,1111.0,784.0,28,19.69
515,181.4,0.0,167.0,169.6,7.6,1055.6,777.8,14,21.6
516,251.4,0.0,118.3,188.5,5.8,1028.4,757.7,3,17.22
517,310.0,142.8,0.0,167.9,10.0,914.3,804.0,28,45.3
518,520.0,0.0,0.0,175.0,5.2,870.0,805.0,28,51.02
519,250.2,166.8,0.0,203.5,0.0,977.6,694.1,3,9.73
520,153.1,145.0,113.0,178.5,8.0,867.2,824.0,28,26.23
521,200.0,133.0,0.0,192.0,0.0,965.4,806.2,3,11.41
522,480.0,0.0,0.0,192.0,0.0,936.2,712.2,90,54.32
523,167.0,75.4,167.0,164.0,7.9,1007.3,770.1,28,41.41
524,158.4,0.0,194.9,219.7,11.0,897.7,712.9,28,8.54
525,300.0,0.0,120.0,212.0,10.0,878.0,728.0,28,23.84
526,362.6,189.0,0.0,164.9,11.6,944.7,755.8,28,71.3
527,266.0,114.0,0.0,228.0,0.0,932.0,670.0,180,48.7
528,173.0,116.0,0.0,192.0,0.0,946.8,856.8,28,24.28
529,156.0,243.0,0.0,180.0,11.0,1022.0,698.0,28,37.36
530,133.1,210.2,0.0,195.7,3.1,949.4,795.3,28,28.94
531,151.6,0.0,111.9,184.4,7.9,992.0,815.9,28,12.18
532,172.4,13.6,172.4,156.8,4.1,1006.3,856.4,28,33.69
533,425.0,106.3,0.0,151.4,18.6,936.0,803.7,3,36.3
534,190.0,190.0,0.0,228.0,0.0,932.0,670.0,180,46.93
535,397.0,0.0,0.0,185.7,0.0,1040.6,734.3,7,25.45
536,166.0,259.7,0.0,183.2,12.7,858.8,826.8,28,37.92
537,333.0,0.0,0.0,192.0,0.0,931.2,842.6,3,15.62
538,148.1,0.0,182.1,181.4,15.0,838.9,884.3,28,15.53
539,310.0,0.0,0.0,192.0,0.0,1012.0,830.0,120,38.7
540,203.5,305.3,0.0,203.5,0.0,963.4,630.0,90,51.86
541,323.7,282.8,0.0,183.8,10.3,942.7,659.9,28,74.7
542,522.0,0.0,0.0,146.0,0.0,896.0,896.0,7,50.51
543,149.5,236.0,0.0,175.8,12.6,846.8,892.7,28,32.96
544,166.1,0.0,163.3,176.5,4.5,1058.6,780.1,100,33.54
545,313.3,262.2,0.0,175.5,8.6,1046.9,611.8,91,66.6
546,540.0,0.0,0.0,162.0,2.5,1055.0,676.0,28,61.89
547,203.5,135.7,0.0,185.7,0.0,1076.2,759.3,28,22.63
548,238.1,0.0,94.1,186.7,7.0,949.9,847.0,3,19.93
549,313.0,0.0,113.0,178.0,8.0,1002.0,689.0,28,36.8
550,237.0,92.0,71.0,247.0,6.0,853.0,695.0,28,28.63
551,296.0,0.0,0.0,186.0,0.0,1090.0,769.0,28,25.18
552,425.0,106.3,0.0,153.5,16.5,852.1,887.1,91,65.2
553,469.0,117.2,0.0,137.8,32.2,852.1,840.5,91,70.7
554,266.0,114.0,0.0,228.0,0.0,932.0,670.0,270,51.73
555,317.9,0.0,126.5,209.7,5.7,860.5,736.6,28,40.06
556,155.0,183.0,0.0,193.0,9.0,1047.0,697.0,28,18.28
557,164.0,163.0,128.0,197.0,8.0,961.0,641.0,28,27.23
558,491.0,26.0,123.0,210.0,3.9,882.0,699.0,3,25.61
559,159.0,187.0,0.0,176.0,11.0,990.0,789.0,28,32.76
560,331.0,0.0,0.0,192.0,0.0,1025.0,821.0,28,31.74
561,210.7,316.1,0.0,185.7,0.0,977.0,689.3,7,21.82
562,167.0,75.4,167.0,164.0,7.9,1007.3,770.1,100,56.81
563,144.8,0.0,133.6,180.8,11.1,979.5,811.5,28,13.2
564,333.0,0.0,0.0,192.0,0.0,931.2,842.6,28,31.97
565,387.0,20.0,94.0,157.0,13.9,938.0,845.0,28,46.68
566,166.1,0.0,163.3,176.5,4.5,1058.6,780.1,14,25.48
567,198.6,132.4,0.0,192.0,0.0,978.4,825.5,3,9.13
568,525.0,0.0,0.0,189.0,0.0,1125.0,613.0,90,58.78
569,312.9,160.5,0.0,177.6,9.6,916.6,759.5,28,52.45
570,212.0,0.0,124.8,159.0,7.8,1085.4,799.5,56,45.08
571,304.0,76.0,0.0,228.0,0.0,932.0,670.0,365,55.26
572,145.0,0.0,179.0,202.0,8.0,824.0,869.0,28,10.54
573,310.0,0.0,0.0,192.0,0.0,970.0,850.0,180,37.33
574,212.6,0.0,100.4,159.4,10.4,1003.8,903.8,28,37.4
575,167.0,187.0,195.0,185.0,7.0,898.0,636.0,28,23.89
576,314.0,145.0,113.0,179.0,8.0,869.0,690.0,28,46.23
577,168.9,42.2,124.3,158.3,10.8,1080.8,796.2,100,48.15
578,331.0,0.0,0.0,192.0,0.0,978.0,825.0,3,13.52
579,295.7,0.0,95.6,171.5,8.9,955.1,859.2,28,39.94
580,212.5,0.0,100.4,159.3,8.7,1007.8,903.6,3,13.54
581,425.0,106.3,0.0,153.5,16.5,852.1,887.1,91,65.2
582,276.4,116.0,90.3,179.6,8.9,870.1,768.3,28,44.28
583,158.0,0.0,195.0,220.0,11.0,898.0,713.0,28,8.54
584,155.0,184.0,143.0,194.0,9.0,880.0,699.0,28,28.99
585,158.8,238.2,0.0,185.7,0.0,1040.6,734.3,28,21.07
586,387.0,20.0,94.0,157.0,11.6,938.0,845.0,7,41.67
587,380.0,0.0,0.0,228.0,0.0,932.0,670.0,90,52.91
588,149.0,118.0,92.0,183.0,7.0,953.0,780.0,28,23.52
589,318.8,212.5,0.0,155.7,14.3,852.1,880.4,3,25.2
590,475.0,118.8,0.0,181.1,8.9,852.1,781.5,91,74.19
591,157.0,214.0,152.0,200.0,9.0,819.0,704.0,28,33.05
592,260.9,100.5,78.3,200.6,8.6,864.5,761.5,28,32.4
593,376.0,0.0,0.0,214.6,0.0,1003.5,762.4,14,25.62
594,446.0,24.0,79.0,162.0,11.6,967.0,712.0,3,35.36
595,116.0,173.0,0.0,192.0,0.0,909.8,891.9,28,22.35
596,249.1,0.0,98.8,158.1,12.8,987.8,889.0,14,28.68
597,133.0,210.0,0.0,196.0,3.0,949.0,795.0,28,31.03
598,387.0,20.0,94.0,157.0,11.6,938.0,845.0,56,61.46
599,213.8,98.1,24.5,181.7,6.7,1066.0,785.5,100,49.97
600,173.5,50.1,173.5,164.8,6.5,1006.2,793.5,56,53.77
601,135.7,203.5,0.0,185.7,0.0,1076.2,759.3,28,18.2
602,289.0,0.0,0.0,192.0,0.0,913.2,895.3,28,25.57
603,295.8,0.0,0.0,185.7,0.0,1091.4,769.3,28,25.22
604,168.0,42.1,163.8,121.8,5.7,1058.7,780.1,14,17.82
605,212.0,141.3,0.0,203.5,0.0,973.4,750.0,7,15.03
606,362.6,189.0,0.0,164.9,11.6,944.7,755.8,56,77.3
607,237.5,237.5,0.0,228.0,0.0,932.0,594.0,180,36.25
608,475.0,0.0,0.0,228.0,0.0,932.0,594.0,365,41.93
609,236.0,157.0,0.0,192.0,0.0,972.6,749.1,28,32.88
610,313.3,262.2,0.0,175.5,8.6,1046.9,611.8,3,28.8
611,397.0,0.0,0.0,185.7,0.0,1040.6,734.3,28,33.08
612,389.9,189.0,0.0,145.9,22.0,944.7,755.8,7,59.09
613,250.0,0.0,95.7,191.8,5.3,948.9,857.2,100,41.16
614,309.9,142.8,111.2,167.8,22.1,913.9,651.2,28,38.22
615,387.0,20.0,94.0,157.0,14.3,938.0,845.0,56,56.34
616,222.4,0.0,96.7,189.3,4.5,967.1,870.3,14,24.45
617,469.0,117.2,0.0,137.8,32.2,852.1,840.5,7,54.9
618,446.0,24.0,79.0,162.0,11.6,967.0,712.0,28,51.02
619,252.0,97.0,76.0,194.0,8.0,835.0,821.0,28,33.4
620,203.5,135.7,0.0,185.7,0.0,1076.2,759.3,7,11.96
621,236.0,157.0,0.0,192.0,0.0,972.6,749.1,7,20.42
622,262.0,111.0,86.0,195.0,5.0,895.0,733.0,28,33.72
623,249.1,0.0,98.8,158.1,12.8,987.8,889.0,28,30.85
624,148.0,175.0,0.0,171.0,2.0,1000.0,828.0,28,26.92
625,425.0,106.3,0.0,151.4,18.6,936.0,803.7,91,66.7
626,425.0,106.3,0.0,153.5,16.5,852.1,887.1,56,64.3
627,230.0,0.0,118.3,195.5,4.6,1029.4,758.6,14,20.08
628,359.0,19.0,141.0,154.0,10.9,942.0,801.0,3,23.64
629,218.9,0.0,124.1,158.5,11.3,1078.7,794.9,100,46.23
630,284.0,15.0,141.0,179.0,5.5,842.0,801.0,7,24.13
631,277.0,117.0,91.0,191.0,7.0,946.0,666.0,28,43.57
632,155.6,243.5,0.0,180.3,10.7,1022.0,697.7,28,37.36
633,212.1,0.0,121.6,180.3,5.7,1057.6,779.3,3,12.47
634,379.5,151.2,0.0,153.9,15.9,1134.3,605.0,91,56.5
635,132.0,206.5,160.9,178.9,5.5,866.9,735.6,28,33.31
636,516.0,0.0,0.0,162.0,8.3,801.0,802.0,28,41.37
637,165.0,0.0,143.6,163.8,0.0,1005.6,900.9,100,37.96
638,200.0,133.0,0.0,192.0,0.0,965.4,806.2,7,17.17
639,133.0,200.0,0.0,192.0,0.0,927.4,839.2,7,13.66
640,231.8,0.0,121.6,174.0,6.7,1056.4,778.5,56,42.7
641,500.0,0.0,0.0,140.0,4.0,966.0,853.0,28,67.57
642,230.0,0.0,118.3,195.5,4.6,1029.4,758.6,56,31.54
643,218.2,54.6,123.8,140.8,11.9,1075.7,792.7,56,61.99
644,362.6,189.0,0.0,164.9,11.6,944.7,755.8,3,35.3
645,305.0,0.0,100.0,196.0,10.0,959.0,705.0,28,30.12
646,236.0,0.0,0.0,193.0,0.0,968.0,885.0,180,24.1
647,500.0,0.0,0.0,200.0,0.0,1125.0,613.0,270,55.16
648,237.5,237.5,0.0,228.0,0.0,932.0,594.0,7,26.26
649,212.5,0.0,100.4,159.3,8.7,1007.8,903.6,14,26.31
650,446.0,24.0,79.0,162.0,11.6,967.0,712.0,28,57.03
651,200.0,133.0,0.0,192.0,0.0,965.4,806.2,28,30.44
652,375.0,93.8,0.0,126.6,23.4,852.1,992.6,28,56.7
653,222.4,0.0,96.7,189.3,4.5,967.1,870.3,100,40.71
654,425.0,106.3,0.0,153.5,16.5,852.1,887.1,56,64.3
655,167.4,129.9,128.6,175.5,7.8,1006.3,746.6,56,51.72
656,302.0,0.0,0.0,203.0,0.0,974.0,817.0,14,18.13
657,251.4,0.0,118.3,192.9,5.8,1043.6,754.3,56,39.27
658,159.0,209.0,161.0,201.0,7.0,848.0,669.0,28,30.88
659,168.9,42.2,124.3,158.3,10.8,1080.8,796.2,3,7.4
660,266.0,114.0,0.0,228.0,0.0,932.0,670.0,365,52.91
661,238.1,0.0,94.1,186.7,7.0,949.9,847.0,28,30.23
662,190.3,0.0,125.2,166.6,9.9,1079.0,798.9,56,31.72
663,157.0,236.0,0.0,192.0,0.0,935.4,781.2,7,16.89
664,165.0,0.0,143.6,163.8,0.0,1005.6,900.9,28,26.2
665,500.0,0.0,0.0,200.0,0.0,1125.0,613.0,14,36.94
666,254.0,0.0,0.0,198.0,0.0,968.0,863.0,365,29.79
667,313.0,145.0,0.0,178.0,8.0,1002.0,689.0,28,41.05
668,339.2,0.0,0.0,185.7,0.0,1069.2,754.3,28,31.9
669,297.2,0.0,117.5,174.8,9.5,1022.8,753.5,14,36.99
670,298.0,137.0,107.0,201.0,6.0,878.0,655.0,28,53.52
671,388.6,97.1,0.0,157.9,12.1,852.1,925.7,3,28.1
672,275.0,0.0,0.0,183.0,0.0,1088.0,808.0,28,24.5
673,275.1,0.0,121.4,159.5,9.9,1053.6,777.5,3,23.8
674,213.7,0.0,174.7,154.8,10.2,1053.5,776.4,100,50.08
675,385.0,0.0,0.0,186.0,0.0,966.0,763.0,3,14.7
676,312.7,144.7,0.0,127.3,8.0,999.7,822.2,28,44.52
677,424.0,22.0,132.0,168.0,8.9,822.0,750.0,7,40.29
678,238.1,0.0,94.1,186.7,7.0,949.9,847.0,100,44.3
679,446.0,24.0,79.0,162.0,10.3,967.0,712.0,56,54.77
680,424.0,22.0,132.0,168.0,8.9,822.0,750.0,56,74.36
681,190.3,0.0,125.2,166.6,9.9,1079.0,798.9,28,24.85
682,290.4,0.0,96.2,168.1,9.4,961.2,865.0,100,48.97
683,182.0,45.2,122.0,170.2,8.2,1059.4,780.7,14,21.5
684,144.0,170.0,133.0,192.0,8.0,814.0,805.0,28,29.87
685,540.0,0.0,0.0,173.0,0.0,1125.0,613.0,3,41.64
686,332.5,142.5,0.0,228.0,0.0,932.0,594.0,28,33.02
687,425.0,106.3,0.0,153.5,16.5,852.1,887.1,3,33.4
688,349.0,0.0,0.0,192.0,0.0,1047.0,806.0,28,32.72
689,500.0,0.0,0.0,151.0,9.0,1033.0,655.0,28,69.84
690,349.0,0.0,0.0,192.0,0.0,1047.0,806.0,360,42.13
691,297.8,137.2,106.9,201.3,6.0,878.4,655.3,28,53.52
692,425.0,106.3,0.0,153.5,16.5,852.1,887.1,7,49.2
693,254.0,0.0,0.0,198.0,0.0,968.0,863.0,3,9.31
694,339.0,0.0,0.0,185.0,0.0,1060.0,754.0,28,31.65
695,167.0,75.4,167.0,164.0,7.9,1007.3,770.1,14,32.9
696,165.0,128.5,132.1,175.1,8.1,1005.8,746.6,100,55.02
697,158.8,238.2,0.0,185.7,0.0,1040.6,734.3,7,9.62
698,380.0,0.0,0.0,228.0,0.0,932.0,670.0,270,53.3
699,531.3,0.0,0.0,141.8,28.2,852.1,893.7,28,56.4
700,148.5,139.4,108.6,192.7,6.1,892.4,780.0,28,23.7
701,393.0,0.0,0.0,192.0,0.0,940.6,785.6,3,19.2
702,385.0,0.0,0.0,186.0,0.0,966.0,763.0,28,31.35
703,233.8,0.0,94.6,197.9,4.6,947.0,852.2,3,10.38
704,480.0,0.0,0.0,192.0,0.0,936.2,712.2,3,24.4
705,439.0,177.0,0.0,186.0,11.1,884.9,707.9,56,71.7
706,318.8,212.5,0.0,155.7,14.3,852.1,880.4,56,66.1
707,342.0,38.0,0.0,228.0,0.0,932.0,670.0,270,55.06
708,192.0,288.0,0.0,192.0,0.0,929.8,716.1,3,12.79
709,230.0,0.0,118.3,195.5,4.6,1029.4,758.6,3,10.03
710,331.0,0.0,0.0,192.0,0.0,978.0,825.0,7,16.26
711,146.5,114.6,89.3,201.9,8.8,860.0,829.5,28,19.99
712,231.8,0.0,121.6,174.0,6.7,1056.4,778.5,100,45.84
713,375.0,0.0,0.0,186.0,0.0,1038.0,758.0,7,26.06
714,178.0,129.8,118.6,179.9,3.6,1007.3,746.8,3,20.73
715,238.1,0.0,0.0,185.7,0.0,1118.8,789.3,7,10.34
716,304.8,0.0,99.6,196.0,9.8,959.4,705.2,28,30.12
717,266.2,112.3,87.5,177.9,10.4,909.7,744.5,28,39.42
718,231.8,0.0,121.6,174.0,6.7,1056.4,778.5,3,15.44
719,183.9,122.6,0.0,203.5,0.0,959.2,800.0,90,32.53
720,362.6,189.0,0.0,164.9,11.6,944.7,755.8,91,79.3
